user_id,lot_id,quantity
16,8,1430
16,9,1000
16,10,1000
16,11,992.049988
17,8,570
17,9,1000
17,10,1000
17,11,1004.299988
18,8,1000
18,9,1000
18,10,1009
18,11,725
19,8,1000
19,9,1000
19,10,991
19,11,1081
